{
  "threshold": {
    "optimal_threshold": -2.5,
    "best_accuracy": 0.875,
    "thresholds": "[-5.  -4.5 -4.  -3.5 -3.  -2.5 -2.  -1.5 -1.  -0.5  0.   0.5  1.   1.5\n  2.   2.5  3.   3.5  4.   4.5  5.   5.5  6.   6.5  7.   7.5  8.   8.5\n  9.   9.5 10.  10.5 11.  11.5 12.  12.5 13.  13.5 14.  14.5 15.  15.5\n 16.  16.5 17.  17.5 18.  18.5 19.  19.5 20.  20.5 21.  21.5 22.  22.5\n 23.  23.5 24.  24.5]",
    "accuracies": [
      0.8125,
      0.8125,
      0.8125,
      0.8125,
      0.8125,
      0.875,
      0.875,
      0.875,
      0.875,
      0.875,
      0.875,
      0.8125,
      0.75,
      0.6875,
      0.5,
      0.4375,
      0.375,
      0.3125,
      0.3125,
      0.3125,
      0.375,
      0.375,
      0.375,
      0.375,
      0.375,
      0.375,
      0.375,
      0.375,
      0.375,
      0.375,
      0.375,
      0.375,
      0.375,
      0.375,
      0.375,
      0.375,
      0.375,
      0.375,
      0.375,
      0.375,
      0.375,
      0.375,
      0.375,
      0.375,
      0.375,
      0.375,
      0.375,
      0.3125,
      0.3125,
      0.25,
      0.25,
      0.1875,
      0.1875,
      0.1875,
      0.1875,
      0.1875,
      0.1875,
      0.1875,
      0.1875,
      0.1875
    ],
    "sensitivities": [
      1.0,
      1.0,
      1.0,
      1.0,
      1.0,
      1.0,
      1.0,
      1.0,
      1.0,
      1.0,
      1.0,
      0.9230769230769231,
      0.8461538461538461,
      0.6923076923076923,
      0.46153846153846156,
      0.38461538461538464,
      0.3076923076923077,
      0.23076923076923078,
      0.23076923076923078,
      0.23076923076923078,
      0.23076923076923078,
      0.23076923076923078,
      0.23076923076923078,
      0.23076923076923078,
      0.23076923076923078,
      0.23076923076923078,
      0.23076923076923078,
      0.23076923076923078,
      0.23076923076923078,
      0.23076923076923078,
      0.23076923076923078,
      0.23076923076923078,
      0.23076923076923078,
      0.23076923076923078,
      0.23076923076923078,
      0.23076923076923078,
      0.23076923076923078,
      0.23076923076923078,
      0.23076923076923078,
      0.23076923076923078,
      0.23076923076923078,
      0.23076923076923078,
      0.23076923076923078,
      0.23076923076923078,
      0.23076923076923078,
      0.23076923076923078,
      0.23076923076923078,
      0.15384615384615385,
      0.15384615384615385,
      0.07692307692307693,
      0.07692307692307693,
      0.0,
      0.0,
      0.0,
      0.0,
      0.0,
      0.0,
      0.0,
      0.0,
      0.0
    ],
    "specificities": [
      0.0,
      0.0,
      0.0,
      0.0,
      0.0,
      0.3333333333333333,
      0.3333333333333333,
      0.3333333333333333,
      0.3333333333333333,
      0.3333333333333333,
      0.3333333333333333,
      0.3333333333333333,
      0.3333333333333333,
      0.6666666666666666,
      0.6666666666666666,
      0.6666666666666666,
      0.6666666666666666,
      0.6666666666666666,
      0.6666666666666666,
      0.6666666666666666,
      1.0,
      1.0,
      1.0,
      1.0,
      1.0,
      1.0,
      1.0,
      1.0,
      1.0,
      1.0,
      1.0,
      1.0,
      1.0,
      1.0,
      1.0,
      1.0,
      1.0,
      1.0,
      1.0,
      1.0,
      1.0,
      1.0,
      1.0,
      1.0,
      1.0,
      1.0,
      1.0,
      1.0,
      1.0,
      1.0,
      1.0,
      1.0,
      1.0,
      1.0,
      1.0,
      1.0,
      1.0,
      1.0,
      1.0,
      1.0
    ]
  },
  "regional": {
    